ouy,author,comments,topics
01.08.2018,Вадим Карпусь,187,6
01.08.2018,Владимир Скрипин,1055,9
01.08.2018,Евгений Борисов,0,1
01.08.2018,Игорь Мозуль,166,2
01.08.2018,Максим Андрейчук,0,1
01.08.2018,Роман Мельниченко,238,1
01.08.2018,Сергей Кулеш,662,7
02.08.2018,Вадим Карпусь,316,9
02.08.2018,Виталий Богданов,58,1
02.08.2018,Владимир Скрипин,784,10
02.08.2018,Игорь Мозуль,52,2
02.08.2018,Сергей Кулеш,589,10
03.08.2018,Вадим Карпусь,531,8
03.08.2018,Виталий Богданов,2,1
03.08.2018,Владимир Скрипин,398,7
03.08.2018,Игорь Мозуль,150,2
03.08.2018,Олег Касич,231,1
03.08.2018,Реклама,9,1
03.08.2018,Сергей Кулеш,434,7
04.08.2018,Владимир Скрипин,539,2
04.08.2018,Олег Данилов,84,1
04.08.2018,Юрий Мелков,0,1
05.08.2018,Олег Данилов,86,3
06.08.2018,Вадим Карпусь,400,7
06.08.2018,Владимир Скрипин,1252,8
06.08.2018,Игорь Мозуль,44,2
06.08.2018,Максим Андрейчук,64,1
06.08.2018,Роман Мельниченко,202,1
07.08.2018,Антон Поздняков,5,1
07.08.2018,Вадим Карпусь,698,8
07.08.2018,Владимир Скрипин,844,10
07.08.2018,Игорь Мозуль,4,1
07.08.2018,Максим Андрейчук,95,1
07.08.2018,Тарас Мищенко,171,1
08.08.2018,Вадим Карпусь,529,10
08.08.2018,Виталий Богданов,66,1
08.08.2018,Владимир Скрипин,1657,11
08.08.2018,Игорь Мозуль,18,2
08.08.2018,Игорь Сушон,111,1
08.08.2018,Тарас Мищенко,245,1
09.08.2018,Вадим Карпусь,480,7
09.08.2018,Владимир Скрипин,1034,10
09.08.2018,Игорь Мозуль,56,2
09.08.2018,Реклама,42,1
09.08.2018,Сергей Светличный,89,2
09.08.2018,Тарас Мищенко,199,2
10.08.2018,Вадим Карпусь,468,9
10.08.2018,Владимир Скрипин,890,9
10.08.2018,Игорь Мозуль,34,2
10.08.2018,Олег Касич,65,1
10.08.2018,Тарас Мищенко,61,1
11.08.2018,Дмитрий Курятник,14,1
11.08.2018,Олег Данилов,45,2
11.08.2018,Роман Мельниченко,54,1
13.07.2018,Вадим Карпусь,260,4
13.07.2018,Владимир Скрипин,417,9
13.07.2018,Игорь Мозуль,76,2
13.07.2018,Максим Андрейчук,60,1
13.07.2018,Роман Мельниченко,1,1
13.07.2018,Сергей Кулеш,1044,8
13.07.2018,Тарас Мищенко,219,1
14.07.2018,Олег Данилов,60,2
14.07.2018,Юрий Мелков,22,1
15.07.2018,Олег Данилов,87,2
15.07.2018,Роман Мельниченко,220,1
16.07.2018,Антон Поздняков,0,1
16.07.2018,Вадим Карпусь,298,5
16.07.2018,Виталий Матвиенко,74,1
16.07.2018,Владимир Скрипин,381,9
16.07.2018,Игорь Мозуль,127,2
16.07.2018,Сергей Кулеш,510,6
17.07.2018,Вадим Карпусь,327,8
17.07.2018,Виталий Богданов,135,1
17.07.2018,Владимир Скрипин,662,8
17.07.2018,Игорь Мозуль,194,2
17.07.2018,Максим Андрейчук,1,1
17.07.2018,Олег Касич,120,1
17.07.2018,Сергей Кулеш,437,7
18.07.2018,Вадим Карпусь,175,5
18.07.2018,Владимир Скрипин,784,9
18.07.2018,Игорь Мозуль,156,3
18.07.2018,Максим Андрейчук,83,1
18.07.2018,Сергей Кулеш,749,9
18.07.2018,Тарас Мищенко,185,1
19.07.2018,Вадим Карпусь,316,7
19.07.2018,Владимир Скрипин,742,9
19.07.2018,Игорь Мозуль,278,2
19.07.2018,Реклама,25,2
19.07.2018,Роман Мельниченко,294,1
19.07.2018,Сергей Кулеш,299,9
20.07.2018,Вадим Карпусь,337,7
20.07.2018,Владимир Скрипин,448,8
20.07.2018,Игорь Мозуль,46,2
20.07.2018,Максим Андрейчук,36,1
20.07.2018,Олег Касич,108,1
20.07.2018,Сергей Кулеш,391,9
21.07.2018,Богдан Бушовский,35,1
21.07.2018,Олег Данилов,99,2
22.07.2018,Олег Данилов,46,2
22.07.2018,Сергей Кулеш,72,1
23.07.2018,Александр Яремко,1,1
23.07.2018,Вадим Карпусь,409,6
23.07.2018,Виталий Матвиенко,56,1
23.07.2018,Владимир Скрипин,694,9
23.07.2018,Игорь Мозуль,18,2
23.07.2018,Реклама,26,1
23.07.2018,Сергей Кулеш,609,9
24.07.2018,Вадим Карпусь,308,4
24.07.2018,Владимир Скрипин,801,10
24.07.2018,Игорь Мозуль,25,2
24.07.2018,Максим Андрейчук,108,2
24.07.2018,Реклама,18,1
24.07.2018,Сергей Кулеш,308,10
25.07.2018,Вадим Карпусь,381,8
25.07.2018,Владимир Дяченко,22,1
25.07.2018,Владимир Скрипин,567,10
25.07.2018,Игорь Мозуль,39,2
25.07.2018,Игорь Сушон,235,1
25.07.2018,Максим Андрейчук,85,1
25.07.2018,Сергей Кулеш,396,9
26.07.2018,Вадим Карпусь,243,6
26.07.2018,Владимир Скрипин,711,10
26.07.2018,Игорь Мозуль,169,2
26.07.2018,Реклама,0,1
26.07.2018,Роман Мельниченко,105,1
26.07.2018,Сергей Кулеш,336,10
27.07.2018,Антон Поздняков,0,1
27.07.2018,Вадим Карпусь,429,9
27.07.2018,Владимир Скрипин,467,8
27.07.2018,Игорь Мозуль,170,2
27.07.2018,Олег Касич,62,1
27.07.2018,Реклама,51,2
27.07.2018,Роман Мельниченко,86,1
27.07.2018,Сергей Кулеш,657,8
27.07.2018,Тарас Мищенко,68,1
28.07.2018,Олег Данилов,34,2
29.07.2018,Олег Данилов,182,1
29.07.2018,Сергей Кулеш,123,3
30.07.2018,Вадим Карпусь,531,7
30.07.2018,Виталий Богданов,57,1
30.07.2018,Владимир Скрипин,354,9
30.07.2018,Игорь Мозуль,94,2
30.07.2018,Максим Андрейчук,113,1
30.07.2018,Сергей Кулеш,253,3
30.07.2018,Тарас Мищенко,96,1
31.07.2018,Вадим Карпусь,1588,8
31.07.2018,Виталий Богданов,41,1
31.07.2018,Владимир Дяченко,2,1
31.07.2018,Владимир Скрипин,406,9
31.07.2018,Игорь Мозуль,214,2
31.07.2018,Олег Касич,6,1
31.07.2018,Сергей Кулеш,471,9
